--
-- PostgreSQL database dump
--

-- Dumped from database version 9.4.1
-- Dumped by pg_dump version 9.4.1
-- Started on 2015-05-04 00:08:54

SET statement_timeout = 0;
SET lock_timeout = 0;
SET client_encoding = 'SQL_ASCII';
SET standard_conforming_strings = on;
SET check_function_bodies = false;
SET client_min_messages = warning;

--
-- TOC entry 201 (class 3079 OID 11855)
-- Name: plpgsql; Type: EXTENSION; Schema: -; Owner: 
--

CREATE EXTENSION IF NOT EXISTS plpgsql WITH SCHEMA pg_catalog;


--
-- TOC entry 2235 (class 0 OID 0)
-- Dependencies: 201
-- Name: EXTENSION plpgsql; Type: COMMENT; Schema: -; Owner: 
--

COMMENT ON EXTENSION plpgsql IS 'PL/pgSQL procedural language';


--
-- TOC entry 202 (class 3079 OID 32769)
-- Name: pgcrypto; Type: EXTENSION; Schema: -; Owner: 
--

CREATE EXTENSION IF NOT EXISTS pgcrypto WITH SCHEMA public;


--
-- TOC entry 2236 (class 0 OID 0)
-- Dependencies: 202
-- Name: EXTENSION pgcrypto; Type: COMMENT; Schema: -; Owner: 
--

COMMENT ON EXTENSION pgcrypto IS 'cryptographic functions';


SET search_path = public, pg_catalog;

SET default_tablespace = '';

SET default_with_oids = false;

--
-- TOC entry 172 (class 1259 OID 32804)
-- Name: address; Type: TABLE; Schema: public; Owner: postgres; Tablespace: 
--

CREATE TABLE address (
    address_id bigint NOT NULL,
    address_line1 character varying,
    city character varying,
    address_line2 character varying,
    zipcode character varying
);


ALTER TABLE address OWNER TO postgres;

--
-- TOC entry 173 (class 1259 OID 32810)
-- Name: address_address_id_seq; Type: SEQUENCE; Schema: public; Owner: postgres
--

CREATE SEQUENCE address_address_id_seq
    START WITH 1
    INCREMENT BY 1
    NO MINVALUE
    NO MAXVALUE
    CACHE 1;


ALTER TABLE address_address_id_seq OWNER TO postgres;

--
-- TOC entry 2237 (class 0 OID 0)
-- Dependencies: 173
-- Name: address_address_id_seq; Type: SEQUENCE OWNED BY; Schema: public; Owner: postgres
--

ALTER SEQUENCE address_address_id_seq OWNED BY address.address_id;


--
-- TOC entry 174 (class 1259 OID 32812)
-- Name: appointments; Type: TABLE; Schema: public; Owner: postgres; Tablespace: 
--

CREATE TABLE appointments (
    appointment_id bigint NOT NULL,
    date date,
    "time" time without time zone,
    report_id bigint NOT NULL,
    purpose text,
    maker_id bigint
);


ALTER TABLE appointments OWNER TO postgres;

--
-- TOC entry 175 (class 1259 OID 32818)
-- Name: appointments_appointment_id_seq; Type: SEQUENCE; Schema: public; Owner: postgres
--

CREATE SEQUENCE appointments_appointment_id_seq
    START WITH 1
    INCREMENT BY 1
    NO MINVALUE
    NO MAXVALUE
    CACHE 1;


ALTER TABLE appointments_appointment_id_seq OWNER TO postgres;

--
-- TOC entry 2238 (class 0 OID 0)
-- Dependencies: 175
-- Name: appointments_appointment_id_seq; Type: SEQUENCE OWNED BY; Schema: public; Owner: postgres
--

ALTER SEQUENCE appointments_appointment_id_seq OWNED BY appointments.appointment_id;


--
-- TOC entry 176 (class 1259 OID 32820)
-- Name: category; Type: TABLE; Schema: public; Owner: postgres; Tablespace: 
--

CREATE TABLE category (
    category_id bigint NOT NULL,
    name character varying
);


ALTER TABLE category OWNER TO postgres;

--
-- TOC entry 177 (class 1259 OID 32826)
-- Name: category_category_id_seq; Type: SEQUENCE; Schema: public; Owner: postgres
--

CREATE SEQUENCE category_category_id_seq
    START WITH 1
    INCREMENT BY 1
    NO MINVALUE
    NO MAXVALUE
    CACHE 1;


ALTER TABLE category_category_id_seq OWNER TO postgres;

--
-- TOC entry 2239 (class 0 OID 0)
-- Dependencies: 177
-- Name: category_category_id_seq; Type: SEQUENCE OWNED BY; Schema: public; Owner: postgres
--

ALTER SEQUENCE category_category_id_seq OWNED BY category.category_id;


--
-- TOC entry 178 (class 1259 OID 32828)
-- Name: devices; Type: TABLE; Schema: public; Owner: postgres; Tablespace: 
--

CREATE TABLE devices (
    device_id bigint NOT NULL,
    name character varying,
    id_number character varying NOT NULL,
    user_id bigint,
    latest_sync timestamp without time zone
);


ALTER TABLE devices OWNER TO postgres;

--
-- TOC entry 179 (class 1259 OID 32834)
-- Name: devices_device_id_seq; Type: SEQUENCE; Schema: public; Owner: postgres
--

CREATE SEQUENCE devices_device_id_seq
    START WITH 1
    INCREMENT BY 1
    NO MINVALUE
    NO MAXVALUE
    CACHE 1;


ALTER TABLE devices_device_id_seq OWNER TO postgres;

--
-- TOC entry 2240 (class 0 OID 0)
-- Dependencies: 179
-- Name: devices_device_id_seq; Type: SEQUENCE OWNED BY; Schema: public; Owner: postgres
--

ALTER SEQUENCE devices_device_id_seq OWNED BY devices.device_id;


--
-- TOC entry 180 (class 1259 OID 32836)
-- Name: flowchart; Type: TABLE; Schema: public; Owner: postgres; Tablespace: 
--

CREATE TABLE flowchart (
    flowchart_id bigint NOT NULL,
    first_id bigint,
    name character varying,
    end_id bigint,
    creator_id bigint,
    version character varying
);


ALTER TABLE flowchart OWNER TO postgres;

--
-- TOC entry 181 (class 1259 OID 32842)
-- Name: flowchart_flowchart_id_seq; Type: SEQUENCE; Schema: public; Owner: postgres
--

CREATE SEQUENCE flowchart_flowchart_id_seq
    START WITH 1
    INCREMENT BY 1
    NO MINVALUE
    NO MAXVALUE
    CACHE 1;


ALTER TABLE flowchart_flowchart_id_seq OWNER TO postgres;

--
-- TOC entry 2241 (class 0 OID 0)
-- Dependencies: 181
-- Name: flowchart_flowchart_id_seq; Type: SEQUENCE OWNED BY; Schema: public; Owner: postgres
--

ALTER SEQUENCE flowchart_flowchart_id_seq OWNED BY flowchart.flowchart_id;


--
-- TOC entry 182 (class 1259 OID 32844)
-- Name: item; Type: TABLE; Schema: public; Owner: postgres; Tablespace: 
--

CREATE TABLE item (
    item_id bigint NOT NULL,
    flowchart_id bigint NOT NULL,
    label text,
    pos_top double precision,
    pos_left double precision,
    type character varying,
    state_id character varying
);


ALTER TABLE item OWNER TO postgres;

--
-- TOC entry 183 (class 1259 OID 32850)
-- Name: item_item_id_seq; Type: SEQUENCE; Schema: public; Owner: postgres
--

CREATE SEQUENCE item_item_id_seq
    START WITH 1
    INCREMENT BY 1
    NO MINVALUE
    NO MAXVALUE
    CACHE 1;


ALTER TABLE item_item_id_seq OWNER TO postgres;

--
-- TOC entry 2242 (class 0 OID 0)
-- Dependencies: 183
-- Name: item_item_id_seq; Type: SEQUENCE OWNED BY; Schema: public; Owner: postgres
--

ALTER SEQUENCE item_item_id_seq OWNED BY item.item_id;


--
-- TOC entry 184 (class 1259 OID 32852)
-- Name: location; Type: TABLE; Schema: public; Owner: postgres; Tablespace: 
--

CREATE TABLE location (
    location_id bigint NOT NULL,
    name character varying,
    address_id bigint,
    owner_id bigint,
    manager_id bigint,
    license character varying,
    agent_id bigint
);


ALTER TABLE location OWNER TO postgres;

--
-- TOC entry 185 (class 1259 OID 32858)
-- Name: location_category; Type: TABLE; Schema: public; Owner: postgres; Tablespace: 
--

CREATE TABLE location_category (
    location_id bigint NOT NULL,
    category_id bigint NOT NULL
);


ALTER TABLE location_category OWNER TO postgres;

--
-- TOC entry 186 (class 1259 OID 32861)
-- Name: location_location_id_seq; Type: SEQUENCE; Schema: public; Owner: postgres
--

CREATE SEQUENCE location_location_id_seq
    START WITH 1
    INCREMENT BY 1
    NO MINVALUE
    NO MAXVALUE
    CACHE 1;


ALTER TABLE location_location_id_seq OWNER TO postgres;

--
-- TOC entry 2243 (class 0 OID 0)
-- Dependencies: 186
-- Name: location_location_id_seq; Type: SEQUENCE OWNED BY; Schema: public; Owner: postgres
--

ALTER SEQUENCE location_location_id_seq OWNED BY location.location_id;


--
-- TOC entry 187 (class 1259 OID 32863)
-- Name: option; Type: TABLE; Schema: public; Owner: postgres; Tablespace: 
--

CREATE TABLE option (
    option_id bigint NOT NULL,
    parent_id bigint,
    next_id bigint,
    label text
);


ALTER TABLE option OWNER TO postgres;

--
-- TOC entry 188 (class 1259 OID 32869)
-- Name: option_option_id_seq; Type: SEQUENCE; Schema: public; Owner: postgres
--

CREATE SEQUENCE option_option_id_seq
    START WITH 1
    INCREMENT BY 1
    NO MINVALUE
    NO MAXVALUE
    CACHE 1;


ALTER TABLE option_option_id_seq OWNER TO postgres;

--
-- TOC entry 2244 (class 0 OID 0)
-- Dependencies: 188
-- Name: option_option_id_seq; Type: SEQUENCE OWNED BY; Schema: public; Owner: postgres
--

ALTER SEQUENCE option_option_id_seq OWNED BY option.option_id;


--
-- TOC entry 189 (class 1259 OID 32871)
-- Name: path; Type: TABLE; Schema: public; Owner: postgres; Tablespace: 
--

CREATE TABLE path (
    report_id bigint NOT NULL,
    option_id bigint NOT NULL,
    data text,
    sequence integer
);


ALTER TABLE path OWNER TO postgres;

--
-- TOC entry 190 (class 1259 OID 32877)
-- Name: person; Type: TABLE; Schema: public; Owner: postgres; Tablespace: 
--

CREATE TABLE person (
    person_id bigint NOT NULL,
    last_name1 character varying NOT NULL,
    first_name character varying NOT NULL,
    email character varying(254),
    last_name2 character varying,
    middle_initial character varying,
    phone_number text
);


ALTER TABLE person OWNER TO postgres;

--
-- TOC entry 191 (class 1259 OID 32883)
-- Name: person_person_id_seq; Type: SEQUENCE; Schema: public; Owner: postgres
--

CREATE SEQUENCE person_person_id_seq
    START WITH 1
    INCREMENT BY 1
    NO MINVALUE
    NO MAXVALUE
    CACHE 1;


ALTER TABLE person_person_id_seq OWNER TO postgres;

--
-- TOC entry 2245 (class 0 OID 0)
-- Dependencies: 191
-- Name: person_person_id_seq; Type: SEQUENCE OWNED BY; Schema: public; Owner: postgres
--

ALTER SEQUENCE person_person_id_seq OWNED BY person.person_id;


--
-- TOC entry 192 (class 1259 OID 32885)
-- Name: report; Type: TABLE; Schema: public; Owner: postgres; Tablespace: 
--

CREATE TABLE report (
    report_id bigint NOT NULL,
    creator_id bigint,
    location_id bigint,
    flowchart_id bigint,
    note text,
    date_filed date,
    name character varying
);


ALTER TABLE report OWNER TO postgres;

--
-- TOC entry 193 (class 1259 OID 32891)
-- Name: report_report_id_seq; Type: SEQUENCE; Schema: public; Owner: postgres
--

CREATE SEQUENCE report_report_id_seq
    START WITH 1
    INCREMENT BY 1
    NO MINVALUE
    NO MAXVALUE
    CACHE 1;


ALTER TABLE report_report_id_seq OWNER TO postgres;

--
-- TOC entry 2246 (class 0 OID 0)
-- Dependencies: 193
-- Name: report_report_id_seq; Type: SEQUENCE OWNED BY; Schema: public; Owner: postgres
--

ALTER SEQUENCE report_report_id_seq OWNED BY report.report_id;


--
-- TOC entry 200 (class 1259 OID 33087)
-- Name: session; Type: TABLE; Schema: public; Owner: postgres; Tablespace: 
--

CREATE TABLE session (
    sid character varying NOT NULL,
    sess json NOT NULL,
    expire timestamp(6) without time zone NOT NULL
);


ALTER TABLE session OWNER TO postgres;

--
-- TOC entry 194 (class 1259 OID 32893)
-- Name: specialization; Type: TABLE; Schema: public; Owner: postgres; Tablespace: 
--

CREATE TABLE specialization (
    spec_id bigint NOT NULL,
    name character varying
);


ALTER TABLE specialization OWNER TO postgres;

--
-- TOC entry 195 (class 1259 OID 32899)
-- Name: specialization_spec_id_seq; Type: SEQUENCE; Schema: public; Owner: postgres
--

CREATE SEQUENCE specialization_spec_id_seq
    START WITH 1
    INCREMENT BY 1
    NO MINVALUE
    NO MAXVALUE
    CACHE 1;


ALTER TABLE specialization_spec_id_seq OWNER TO postgres;

--
-- TOC entry 2247 (class 0 OID 0)
-- Dependencies: 195
-- Name: specialization_spec_id_seq; Type: SEQUENCE OWNED BY; Schema: public; Owner: postgres
--

ALTER SEQUENCE specialization_spec_id_seq OWNED BY specialization.spec_id;


--
-- TOC entry 196 (class 1259 OID 32901)
-- Name: users; Type: TABLE; Schema: public; Owner: postgres; Tablespace: 
--

CREATE TABLE users (
    user_id bigint NOT NULL,
    username character varying(32) NOT NULL,
    passhash text DEFAULT crypt(gen_salt('bf'::text), gen_salt('bf'::text)) NOT NULL,
    person_id bigint,
    salt text DEFAULT gen_salt('bf'::text) NOT NULL,
    type character varying NOT NULL
);


ALTER TABLE users OWNER TO postgres;

--
-- TOC entry 2248 (class 0 OID 0)
-- Dependencies: 196
-- Name: COLUMN users.passhash; Type: COMMENT; Schema: public; Owner: postgres
--

COMMENT ON COLUMN users.passhash IS 'crypt(''new password'', gen_salt(''bf''))';


--
-- TOC entry 197 (class 1259 OID 32909)
-- Name: user_user_id_seq; Type: SEQUENCE; Schema: public; Owner: postgres
--

CREATE SEQUENCE user_user_id_seq
    START WITH 1
    INCREMENT BY 1
    NO MINVALUE
    NO MAXVALUE
    CACHE 1;


ALTER TABLE user_user_id_seq OWNER TO postgres;

--
-- TOC entry 2249 (class 0 OID 0)
-- Dependencies: 197
-- Name: user_user_id_seq; Type: SEQUENCE OWNED BY; Schema: public; Owner: postgres
--

ALTER SEQUENCE user_user_id_seq OWNED BY users.user_id;


--
-- TOC entry 198 (class 1259 OID 32911)
-- Name: users_specialization; Type: TABLE; Schema: public; Owner: postgres; Tablespace: 
--

CREATE TABLE users_specialization (
    user_id bigint NOT NULL,
    spec_id bigint NOT NULL
);


ALTER TABLE users_specialization OWNER TO postgres;

--
-- TOC entry 199 (class 1259 OID 32914)
-- Name: view_users; Type: VIEW; Schema: public; Owner: postgres
--

CREATE VIEW view_users AS
 SELECT users.username,
    person.first_name,
    person.last_name1,
    person.last_name2,
    person.email
   FROM (users
     JOIN person ON ((users.person_id = person.person_id)));


ALTER TABLE view_users OWNER TO postgres;

--
-- TOC entry 2016 (class 2604 OID 32918)
-- Name: address_id; Type: DEFAULT; Schema: public; Owner: postgres
--

ALTER TABLE ONLY address ALTER COLUMN address_id SET DEFAULT nextval('address_address_id_seq'::regclass);


--
-- TOC entry 2017 (class 2604 OID 32919)
-- Name: appointment_id; Type: DEFAULT; Schema: public; Owner: postgres
--

ALTER TABLE ONLY appointments ALTER COLUMN appointment_id SET DEFAULT nextval('appointments_appointment_id_seq'::regclass);


--
-- TOC entry 2018 (class 2604 OID 32920)
-- Name: category_id; Type: DEFAULT; Schema: public; Owner: postgres
--

ALTER TABLE ONLY category ALTER COLUMN category_id SET DEFAULT nextval('category_category_id_seq'::regclass);


--
-- TOC entry 2019 (class 2604 OID 32921)
-- Name: device_id; Type: DEFAULT; Schema: public; Owner: postgres
--

ALTER TABLE ONLY devices ALTER COLUMN device_id SET DEFAULT nextval('devices_device_id_seq'::regclass);


--
-- TOC entry 2020 (class 2604 OID 32922)
-- Name: flowchart_id; Type: DEFAULT; Schema: public; Owner: postgres
--

ALTER TABLE ONLY flowchart ALTER COLUMN flowchart_id SET DEFAULT nextval('flowchart_flowchart_id_seq'::regclass);


--
-- TOC entry 2021 (class 2604 OID 32923)
-- Name: item_id; Type: DEFAULT; Schema: public; Owner: postgres
--

ALTER TABLE ONLY item ALTER COLUMN item_id SET DEFAULT nextval('item_item_id_seq'::regclass);


--
-- TOC entry 2022 (class 2604 OID 32924)
-- Name: location_id; Type: DEFAULT; Schema: public; Owner: postgres
--

ALTER TABLE ONLY location ALTER COLUMN location_id SET DEFAULT nextval('location_location_id_seq'::regclass);


--
-- TOC entry 2023 (class 2604 OID 32925)
-- Name: option_id; Type: DEFAULT; Schema: public; Owner: postgres
--

ALTER TABLE ONLY option ALTER COLUMN option_id SET DEFAULT nextval('option_option_id_seq'::regclass);


--
-- TOC entry 2024 (class 2604 OID 32926)
-- Name: person_id; Type: DEFAULT; Schema: public; Owner: postgres
--

ALTER TABLE ONLY person ALTER COLUMN person_id SET DEFAULT nextval('person_person_id_seq'::regclass);


--
-- TOC entry 2025 (class 2604 OID 32927)
-- Name: report_id; Type: DEFAULT; Schema: public; Owner: postgres
--

ALTER TABLE ONLY report ALTER COLUMN report_id SET DEFAULT nextval('report_report_id_seq'::regclass);


--
-- TOC entry 2026 (class 2604 OID 32928)
-- Name: spec_id; Type: DEFAULT; Schema: public; Owner: postgres
--

ALTER TABLE ONLY specialization ALTER COLUMN spec_id SET DEFAULT nextval('specialization_spec_id_seq'::regclass);


--
-- TOC entry 2029 (class 2604 OID 32929)
-- Name: user_id; Type: DEFAULT; Schema: public; Owner: postgres
--

ALTER TABLE ONLY users ALTER COLUMN user_id SET DEFAULT nextval('user_user_id_seq'::regclass);


--
-- TOC entry 2200 (class 0 OID 32804)
-- Dependencies: 172
-- Data for Name: address; Type: TABLE DATA; Schema: public; Owner: postgres
--

COPY address (address_id, address_line1, city, address_line2, zipcode) FROM stdin;
2	123 bomba	Aguadilla	\N	\N
3	Calle Watah despues del Mcdonalds	San Juan	\N	\N
4	Jesse Pinkerton's House	New Mexico	\N	\N
5	lost	lost	lost	000000
1	Bagge Farm	Kansas	in the middle of Nowhere	00666
12	Old  Mcdonad's farm	London	66006600	123456
11	Kittyland	HappyLand	01234567	002211
\.


--
-- TOC entry 2250 (class 0 OID 0)
-- Dependencies: 173
-- Name: address_address_id_seq; Type: SEQUENCE SET; Schema: public; Owner: postgres
--

SELECT pg_catalog.setval('address_address_id_seq', 12, true);


--
-- TOC entry 2202 (class 0 OID 32812)
-- Dependencies: 174
-- Data for Name: appointments; Type: TABLE DATA; Schema: public; Owner: postgres
--

COPY appointments (appointment_id, date, "time", report_id, purpose, maker_id) FROM stdin;
2	2015-05-07	05:20:00	2	Observacion de la area	2
1	2015-08-20	14:20:00	1	Seguimiento de vaca	1
17	2015-05-07	12:57:00	15	Test proposito para reporte 15	1
\.


--
-- TOC entry 2251 (class 0 OID 0)
-- Dependencies: 175
-- Name: appointments_appointment_id_seq; Type: SEQUENCE SET; Schema: public; Owner: postgres
--

SELECT pg_catalog.setval('appointments_appointment_id_seq', 17, true);


--
-- TOC entry 2204 (class 0 OID 32820)
-- Dependencies: 176
-- Data for Name: category; Type: TABLE DATA; Schema: public; Owner: postgres
--

COPY category (category_id, name) FROM stdin;
3	Pequeña
2	Medana
1	Grande
4	Lechera
5	Carne
\.


--
-- TOC entry 2252 (class 0 OID 0)
-- Dependencies: 177
-- Name: category_category_id_seq; Type: SEQUENCE SET; Schema: public; Owner: postgres
--

SELECT pg_catalog.setval('category_category_id_seq', 5, true);


--
-- TOC entry 2206 (class 0 OID 32828)
-- Dependencies: 178
-- Data for Name: devices; Type: TABLE DATA; Schema: public; Owner: postgres
--

COPY devices (device_id, name, id_number, user_id, latest_sync) FROM stdin;
1	Tablet 1	001122	2	2004-10-19 10:23:54
8	Tablet 2	8	6	2014-01-15 00:03:20
\.


--
-- TOC entry 2253 (class 0 OID 0)
-- Dependencies: 179
-- Name: devices_device_id_seq; Type: SEQUENCE SET; Schema: public; Owner: postgres
--

SELECT pg_catalog.setval('devices_device_id_seq', 8, true);


--
-- TOC entry 2208 (class 0 OID 32836)
-- Dependencies: 180
-- Data for Name: flowchart; Type: TABLE DATA; Schema: public; Owner: postgres
--

COPY flowchart (flowchart_id, first_id, name, end_id, creator_id, version) FROM stdin;
1	1	Test	10	1	1.0.0
2	13	New Test	12	1	1.0.0
3	17	Short Cuestionario	15	1	1.0
4	19	Testy Test	20	1	1.0
\.


--
-- TOC entry 2254 (class 0 OID 0)
-- Dependencies: 181
-- Name: flowchart_flowchart_id_seq; Type: SEQUENCE SET; Schema: public; Owner: postgres
--

SELECT pg_catalog.setval('flowchart_flowchart_id_seq', 4, true);


--
-- TOC entry 2210 (class 0 OID 32844)
-- Dependencies: 182
-- Data for Name: item; Type: TABLE DATA; Schema: public; Owner: postgres
--

COPY item (item_id, flowchart_id, label, pos_top, pos_left, type, state_id) FROM stdin;
2	1	How would you categorize the problem	0	0	MULTI	\N
3	1	Record a description of the milk coloring, texture, and smell	0	0	OPEN	\N
4	1	Input amount of times cow eats a day	0	0	CONDITIONAL	\N
5	1	Recommendation 1	0	0	RECOM	\N
6	1	Recommendation 2	0	0	RECOM	\N
7	1	Recommendation 3	0	0	RECOM	\N
8	1	Recommendation 4	0	0	RECOM	\N
9	1	Recommendation 5	0	0	RECOM	\N
10	1	End of: Test	0	0	END	\N
1	1	Is the cow sick?	0	0	BOOLEAN	\N
11	2	START	50	325	START	state0
12	2	END	345	307	END	state1
13	2	How do you feel?	192	269	OPEN	state2
14	3	Start	46	300	START	state0
15	3	End	386	302	END	state1
16	3	Have fun	270	303	RECOM	state2
17	3	How do you feel?	156	250	OPEN	state3
18	4	INICIO	29	308	START	state0
19	4	wat	163	293	BOOLEAN	state1
20	4	FIN	419	331	END	state2
21	4	do wat	286	121	RECOM	state3
22	4	wat do	278	419	RECOM	state4
\.


--
-- TOC entry 2255 (class 0 OID 0)
-- Dependencies: 183
-- Name: item_item_id_seq; Type: SEQUENCE SET; Schema: public; Owner: postgres
--

SELECT pg_catalog.setval('item_item_id_seq', 22, true);


--
-- TOC entry 2212 (class 0 OID 32852)
-- Dependencies: 184
-- Data for Name: location; Type: TABLE DATA; Schema: public; Owner: postgres
--

COPY location (location_id, name, address_id, owner_id, manager_id, license, agent_id) FROM stdin;
3	Mad Kow Aguadilla	2	5	10	00112233	2
5	Pollos Hermanos	4	12	11	12990066	2
4	Mad Kow San Juan	3	5	11	223344113	6
1	La granjita del pueblo	1	5	6	123456789	2
8	Old  Mcdonad's farm	12	\N	\N	66006600	\N
6	LOST	5	16	\N	4815162342	\N
7	Kittyland	11	15	6	01234567	6
\.


--
-- TOC entry 2213 (class 0 OID 32858)
-- Dependencies: 185
-- Data for Name: location_category; Type: TABLE DATA; Schema: public; Owner: postgres
--

COPY location_category (location_id, category_id) FROM stdin;
1	3
3	1
4	1
5	1
4	5
5	5
1	4
\.


--
-- TOC entry 2256 (class 0 OID 0)
-- Dependencies: 186
-- Name: location_location_id_seq; Type: SEQUENCE SET; Schema: public; Owner: postgres
--

SELECT pg_catalog.setval('location_location_id_seq', 8, true);


--
-- TOC entry 2215 (class 0 OID 32863)
-- Dependencies: 187
-- Data for Name: option; Type: TABLE DATA; Schema: public; Owner: postgres
--

COPY option (option_id, parent_id, next_id, label) FROM stdin;
1	1	2	Yes
2	1	5	No
4	2	6	Injured Leg
5	2	4	Eating Problems
8	3	7	Its yellow, its chunky, and it smells rotten.
9	7	10	End
10	6	10	End
11	8	10	End
12	5	10	End
13	9	10	End
3	2	3	Milk is discolored
6	4	8	lt3
7	4	9	ge3
14	11	13	START
15	13	12	END
16	14	17	start
17	17	16	awesome
18	16	15	end
19	18	19	start
20	19	21	wat do?
21	19	22	do do
22	21	20	fin
23	22	20	fin
\.


--
-- TOC entry 2257 (class 0 OID 0)
-- Dependencies: 188
-- Name: option_option_id_seq; Type: SEQUENCE SET; Schema: public; Owner: postgres
--

SELECT pg_catalog.setval('option_option_id_seq', 23, true);


--
-- TOC entry 2217 (class 0 OID 32871)
-- Dependencies: 189
-- Data for Name: path; Type: TABLE DATA; Schema: public; Owner: postgres
--

COPY path (report_id, option_id, data, sequence) FROM stdin;
15	1	Yes	\N
15	5	Eating Problems	\N
15	7	5	\N
15	13	RECOM	\N
16	2	No	\N
16	12	RECOM	\N
17	15	Happy	\N
18	17	Happy	\N
18	18	RECOM	\N
19	21	do do	\N
19	23	RECOM	\N
20	20	wat do?	\N
20	22	RECOM	\N
21	17	Yay!	\N
21	18	RECOM	\N
22	15	Solid as the sea is wet.	0
\.


--
-- TOC entry 2218 (class 0 OID 32877)
-- Dependencies: 190
-- Data for Name: person; Type: TABLE DATA; Schema: public; Owner: postgres
--

COPY person (person_id, last_name1, first_name, email, last_name2, middle_initial, phone_number) FROM stdin;
1	Bar	Foo	sea_admin@upr.edu	Watdo	J	555-555-1234
2	Mofongo	Nelsongo	nelsongo.mofongo@upr.edu	Cocacola	E	555-555-1234
5	Doe	John	john.doe@gmail.edu	Johnson	\N	555-555-1234
3	Geller	Ross	ross.geller@upr.edu	Doctor	D	555-555-1234
11	Cruz	Pepita	pe.cru@lol.com	Cruise	\N	555-555-1234
10	Gonzalez	Pepito	lalala@wat.com	Rodriguez	X	555-555-1234
13	Cornholio	Beavis	mike.judge@mtv.com	Buthead	E	555-555-1234
14	Scully	Dana	iwanttobelieve@fox.com	Mulder	\N	555-555-1234
15	Dilworth	John	john.r.dilworth@upr.edu	Bagge	R	
12	Fring	Gustavo	breaking.bad@amc.com	Pollos		555-555-1234
6	Smith	Jane	wazza123@hotmail.com	White	I	555-555-1234
16	Cartagena Del Valle	Don Eduardo De la mancha	eddycart@wat.com	Martinez	H	456-999-9999
17	Rodriguez	Betzabe	betzabe.rodriguez@upr.edu	Alamo	\N	
\.


--
-- TOC entry 2258 (class 0 OID 0)
-- Dependencies: 191
-- Name: person_person_id_seq; Type: SEQUENCE SET; Schema: public; Owner: postgres
--

SELECT pg_catalog.setval('person_person_id_seq', 17, true);


--
-- TOC entry 2220 (class 0 OID 32885)
-- Dependencies: 192
-- Data for Name: report; Type: TABLE DATA; Schema: public; Owner: postgres
--

COPY report (report_id, creator_id, location_id, flowchart_id, note, date_filed, name) FROM stdin;
2	2	4	1	Na, todo anda bien aqui.	2014-12-10	\N
1	2	1	1	Lorem ipsum dolor sit amet, feugiat nulla commodo, luctus elit euismod. Neque nunc, lectus mi tellus, neque primis erat, eget euismod convallis. Justo laoreet id neque eget leo placerat, nulla id, viverra amet laoreet litora lorem, mollis elit volutpat vel turpis sed laborum, massa consectetuer facilisis. Donec vehicula egestas purus nulla ut est. Accumsan risus massa commodo vivamus placerat sit, ut felis turpis consectetuer, per litora lectus diam scelerisque libero, ante ac at nulla. Pellentesque fermentum nunc eros mattis.	2010-01-08	Wat
15	1	3	1	yes	2015-04-22	Reporte de Mad Kow #9001
16	6	3	1	\N	2015-04-27	Short report
17	1	5	2	\N	2015-05-02	\N
18	1	5	3	\N	2015-05-02	\N
19	1	5	4	\N	2015-05-03	\N
20	1	7	4	\N	2015-05-03	\N
21	6	8	3	\N	2015-05-03	\N
22	6	6	2	\N	2015-05-03	\N
\.


--
-- TOC entry 2259 (class 0 OID 0)
-- Dependencies: 193
-- Name: report_report_id_seq; Type: SEQUENCE SET; Schema: public; Owner: postgres
--

SELECT pg_catalog.setval('report_report_id_seq', 22, true);


--
-- TOC entry 2227 (class 0 OID 33087)
-- Dependencies: 200
-- Data for Name: session; Type: TABLE DATA; Schema: public; Owner: postgres
--

COPY session (sid, sess, expire) FROM stdin;
7_tcoetQyTN0qVZS_Z3MmG3kcAPmzFWV	{"cookie":{"originalMaxAge":2592000000,"expires":"2015-05-20T21:31:24.166Z","httpOnly":true,"path":"/"},"views":{"/users/admin":5,"/users/admin/cuestionarios":1,"/users":1,"/users/admin/ganaderos":2,"/list_ganaderos":2,"/users/":3,"/users/foo":4,"/foo":31,"/admin":1}}	2015-05-20 17:01:25
aynwgiuIyLHoko_GHBDxNUq8dnlhWSH_	{"cookie":{"originalMaxAge":2592000000,"expires":"2015-05-21T00:53:10.497Z","httpOnly":true,"path":"/"},"username":"sea_admin@upr.edu","user_type":"admin"}	2015-05-20 20:23:11
j_6hW-12ePeOGf1l36OhlOC6DCkyews1	{"cookie":{"originalMaxAge":2592000000,"expires":"2015-05-20T22:55:46.669Z","httpOnly":true,"path":"/"},"username":""}	2015-05-20 18:25:47
UiBnyEoxwFn0-OqI3S5U_H0IZNIB_zuM	{"cookie":{"originalMaxAge":2592000000,"expires":"2015-05-28T02:20:29.748Z","httpOnly":true,"path":"/"},"user_id":"3","username":"ross.geller@upr.edu","user_type":"specialist"}	2015-05-27 21:50:30
6FHO0v8QRhSUARcY8ctbI24-joJ2d8pR	{"cookie":{"originalMaxAge":2592000000,"expires":"2015-05-21T01:21:51.443Z","httpOnly":true,"path":"/"},"username":"","user_type":""}	2015-05-20 20:51:52
kNUnJFnuMTf-TN7fKxei_y0V5bKY7fZN	{"cookie":{"originalMaxAge":2592000000,"expires":"2015-05-28T02:27:02.738Z","httpOnly":true,"path":"/"},"user_id":"1","username":"sea_admin@upr.edu","user_type":"admin"}	2015-05-27 21:57:03
Zy163ERMMMa6RK9ihzNNXkKTEyqxBn-q	{"cookie":{"originalMaxAge":2592000000,"expires":"2015-05-23T03:05:16.397Z","httpOnly":true,"path":"/"},"user_id":"1","username":"sea_admin@upr.edu","user_type":"admin","report_id":"15"}	2015-05-22 22:35:17
UCLjt8r-1DMAzxbJHmS1iLYh8g1tR8NA	{"cookie":{"originalMaxAge":2592000000,"expires":"2015-05-25T04:42:14.760Z","httpOnly":true,"path":"/"},"user_id":"","username":"","user_type":""}	2015-05-25 00:12:15
Yi7CMffgJwYBlXAHO4BdHo9BU0hFGVE7	{"cookie":{"originalMaxAge":2592000000,"expires":"2015-05-29T16:21:10.479Z","httpOnly":true,"path":"/"},"user_id":"","username":"","user_type":""}	2015-05-29 11:51:11
JGZ2tEi06toBRzidTbuYMFXTnmpcOhx3	{"cookie":{"originalMaxAge":2592000000,"expires":"2015-05-29T19:01:01.050Z","httpOnly":true,"path":"/"},"user_id":"","username":"","user_type":""}	2015-05-29 14:31:02
ILqjSXrKnQjtLrjy_w4gVCihuUqG0uWX	{"cookie":{"originalMaxAge":2592000000,"expires":"2015-06-03T01:18:15.362Z","httpOnly":true,"path":"/"},"user_id":"","username":"","user_type":""}	2015-06-02 20:48:16
\.


--
-- TOC entry 2222 (class 0 OID 32893)
-- Dependencies: 194
-- Data for Name: specialization; Type: TABLE DATA; Schema: public; Owner: postgres
--

COPY specialization (spec_id, name) FROM stdin;
2	Anatidaephobia
1	Paleontology
3	Calidad de Leche
\.


--
-- TOC entry 2260 (class 0 OID 0)
-- Dependencies: 195
-- Name: specialization_spec_id_seq; Type: SEQUENCE SET; Schema: public; Owner: postgres
--

SELECT pg_catalog.setval('specialization_spec_id_seq', 3, true);


--
-- TOC entry 2261 (class 0 OID 0)
-- Dependencies: 197
-- Name: user_user_id_seq; Type: SEQUENCE SET; Schema: public; Owner: postgres
--

SELECT pg_catalog.setval('user_user_id_seq', 8, true);


--
-- TOC entry 2224 (class 0 OID 32901)
-- Dependencies: 196
-- Data for Name: users; Type: TABLE DATA; Schema: public; Owner: postgres
--

COPY users (user_id, username, passhash, person_id, salt, type) FROM stdin;
1	sea_admin@upr.edu	password	1	$2a$06$LMRfvcHKw1FyqsbgryP03O	admin
3	ross.geller@upr.edu	password	3	$2a$06$mb60YsdbsiO9rTKJey/hqe	specialist
7	iwanttobelieve@fox.com	password	14	$2a$06$oiP1UEPtEdaHbzoH4X12s.	specialist
2	nelsongo.mofongo@upr.edu	password	2	$2a$06$DkLy6BIWUalW66HzwYF48e	agent
6	mike.judge@mtv.com	password	13	$2a$06$LG0eIdq.7ihr/Pt.6JkePe	agent
8	betzabe.rodriguez@upr.edu	$2a$06$J.893yyFWVdlAxNgGaLKL.5Q6uT72u0E3MuP7qQpad/EpbscKx/N.	17	$2a$06$KzUTKFTxzhKI9WiccU8XjO	admin 
\.


--
-- TOC entry 2226 (class 0 OID 32911)
-- Dependencies: 198
-- Data for Name: users_specialization; Type: TABLE DATA; Schema: public; Owner: postgres
--

COPY users_specialization (user_id, spec_id) FROM stdin;
3	1
7	2
3	3
\.


--
-- TOC entry 2031 (class 2606 OID 32931)
-- Name: address_pkey; Type: CONSTRAINT; Schema: public; Owner: postgres; Tablespace: 
--

ALTER TABLE ONLY address
    ADD CONSTRAINT address_pkey PRIMARY KEY (address_id);


--
-- TOC entry 2033 (class 2606 OID 32933)
-- Name: appointments_pkey; Type: CONSTRAINT; Schema: public; Owner: postgres; Tablespace: 
--

ALTER TABLE ONLY appointments
    ADD CONSTRAINT appointments_pkey PRIMARY KEY (appointment_id);


--
-- TOC entry 2035 (class 2606 OID 32935)
-- Name: category_name_key; Type: CONSTRAINT; Schema: public; Owner: postgres; Tablespace: 
--

ALTER TABLE ONLY category
    ADD CONSTRAINT category_name_key UNIQUE (name);


--
-- TOC entry 2037 (class 2606 OID 32937)
-- Name: category_pkey; Type: CONSTRAINT; Schema: public; Owner: postgres; Tablespace: 
--

ALTER TABLE ONLY category
    ADD CONSTRAINT category_pkey PRIMARY KEY (category_id);


--
-- TOC entry 2039 (class 2606 OID 32939)
-- Name: devices_pkey; Type: CONSTRAINT; Schema: public; Owner: postgres; Tablespace: 
--

ALTER TABLE ONLY devices
    ADD CONSTRAINT devices_pkey PRIMARY KEY (device_id);


--
-- TOC entry 2041 (class 2606 OID 32941)
-- Name: flowchart_pkey; Type: CONSTRAINT; Schema: public; Owner: postgres; Tablespace: 
--

ALTER TABLE ONLY flowchart
    ADD CONSTRAINT flowchart_pkey PRIMARY KEY (flowchart_id);


--
-- TOC entry 2043 (class 2606 OID 32943)
-- Name: item_pkey; Type: CONSTRAINT; Schema: public; Owner: postgres; Tablespace: 
--

ALTER TABLE ONLY item
    ADD CONSTRAINT item_pkey PRIMARY KEY (item_id);


--
-- TOC entry 2047 (class 2606 OID 32945)
-- Name: location_category_pkey; Type: CONSTRAINT; Schema: public; Owner: postgres; Tablespace: 
--

ALTER TABLE ONLY location_category
    ADD CONSTRAINT location_category_pkey PRIMARY KEY (location_id, category_id);


--
-- TOC entry 2045 (class 2606 OID 32947)
-- Name: location_pkey; Type: CONSTRAINT; Schema: public; Owner: postgres; Tablespace: 
--

ALTER TABLE ONLY location
    ADD CONSTRAINT location_pkey PRIMARY KEY (location_id);


--
-- TOC entry 2049 (class 2606 OID 32949)
-- Name: option_pkey; Type: CONSTRAINT; Schema: public; Owner: postgres; Tablespace: 
--

ALTER TABLE ONLY option
    ADD CONSTRAINT option_pkey PRIMARY KEY (option_id);


--
-- TOC entry 2051 (class 2606 OID 32951)
-- Name: path_pkey; Type: CONSTRAINT; Schema: public; Owner: postgres; Tablespace: 
--

ALTER TABLE ONLY path
    ADD CONSTRAINT path_pkey PRIMARY KEY (report_id, option_id);


--
-- TOC entry 2053 (class 2606 OID 32953)
-- Name: person_pkey; Type: CONSTRAINT; Schema: public; Owner: postgres; Tablespace: 
--

ALTER TABLE ONLY person
    ADD CONSTRAINT person_pkey PRIMARY KEY (person_id);


--
-- TOC entry 2055 (class 2606 OID 32955)
-- Name: report_pkey; Type: CONSTRAINT; Schema: public; Owner: postgres; Tablespace: 
--

ALTER TABLE ONLY report
    ADD CONSTRAINT report_pkey PRIMARY KEY (report_id);


--
-- TOC entry 2067 (class 2606 OID 33094)
-- Name: session_pkey; Type: CONSTRAINT; Schema: public; Owner: postgres; Tablespace: 
--

ALTER TABLE ONLY session
    ADD CONSTRAINT session_pkey PRIMARY KEY (sid);


--
-- TOC entry 2057 (class 2606 OID 32957)
-- Name: specialization_name_key; Type: CONSTRAINT; Schema: public; Owner: postgres; Tablespace: 
--

ALTER TABLE ONLY specialization
    ADD CONSTRAINT specialization_name_key UNIQUE (name);


--
-- TOC entry 2059 (class 2606 OID 32959)
-- Name: specialization_pkey; Type: CONSTRAINT; Schema: public; Owner: postgres; Tablespace: 
--

ALTER TABLE ONLY specialization
    ADD CONSTRAINT specialization_pkey PRIMARY KEY (spec_id);


--
-- TOC entry 2061 (class 2606 OID 32961)
-- Name: user_pkey; Type: CONSTRAINT; Schema: public; Owner: postgres; Tablespace: 
--

ALTER TABLE ONLY users
    ADD CONSTRAINT user_pkey PRIMARY KEY (user_id);


--
-- TOC entry 2063 (class 2606 OID 32963)
-- Name: user_username_key; Type: CONSTRAINT; Schema: public; Owner: postgres; Tablespace: 
--

ALTER TABLE ONLY users
    ADD CONSTRAINT user_username_key UNIQUE (username);


--
-- TOC entry 2065 (class 2606 OID 32965)
-- Name: users_specialization_pkey; Type: CONSTRAINT; Schema: public; Owner: postgres; Tablespace: 
--

ALTER TABLE ONLY users_specialization
    ADD CONSTRAINT users_specialization_pkey PRIMARY KEY (user_id, spec_id);


--
-- TOC entry 2068 (class 2606 OID 32971)
-- Name: appointments_report_fkey; Type: FK CONSTRAINT; Schema: public; Owner: postgres
--

ALTER TABLE ONLY appointments
    ADD CONSTRAINT appointments_report_fkey FOREIGN KEY (report_id) REFERENCES report(report_id);


--
-- TOC entry 2069 (class 2606 OID 32976)
-- Name: devices_users_fkey; Type: FK CONSTRAINT; Schema: public; Owner: postgres
--

ALTER TABLE ONLY devices
    ADD CONSTRAINT devices_users_fkey FOREIGN KEY (user_id) REFERENCES users(user_id);


--
-- TOC entry 2070 (class 2606 OID 32981)
-- Name: flowchart_creator_id_fkey; Type: FK CONSTRAINT; Schema: public; Owner: postgres
--

ALTER TABLE ONLY flowchart
    ADD CONSTRAINT flowchart_creator_id_fkey FOREIGN KEY (creator_id) REFERENCES users(user_id);


--
-- TOC entry 2071 (class 2606 OID 32986)
-- Name: flowchart_end_id_fkey; Type: FK CONSTRAINT; Schema: public; Owner: postgres
--

ALTER TABLE ONLY flowchart
    ADD CONSTRAINT flowchart_end_id_fkey FOREIGN KEY (end_id) REFERENCES item(item_id);


--
-- TOC entry 2072 (class 2606 OID 32991)
-- Name: flowchart_first_id_fkey; Type: FK CONSTRAINT; Schema: public; Owner: postgres
--

ALTER TABLE ONLY flowchart
    ADD CONSTRAINT flowchart_first_id_fkey FOREIGN KEY (first_id) REFERENCES item(item_id);


--
-- TOC entry 2073 (class 2606 OID 32996)
-- Name: item_flowchart_id_fkey; Type: FK CONSTRAINT; Schema: public; Owner: postgres
--

ALTER TABLE ONLY item
    ADD CONSTRAINT item_flowchart_id_fkey FOREIGN KEY (flowchart_id) REFERENCES flowchart(flowchart_id);


--
-- TOC entry 2074 (class 2606 OID 33001)
-- Name: location_address_id_fkey; Type: FK CONSTRAINT; Schema: public; Owner: postgres
--

ALTER TABLE ONLY location
    ADD CONSTRAINT location_address_id_fkey FOREIGN KEY (address_id) REFERENCES address(address_id);


--
-- TOC entry 2075 (class 2606 OID 33006)
-- Name: location_agent_id_fkey; Type: FK CONSTRAINT; Schema: public; Owner: postgres
--

ALTER TABLE ONLY location
    ADD CONSTRAINT location_agent_id_fkey FOREIGN KEY (agent_id) REFERENCES users(user_id);


--
-- TOC entry 2078 (class 2606 OID 33011)
-- Name: location_category_category_id_fkey; Type: FK CONSTRAINT; Schema: public; Owner: postgres
--

ALTER TABLE ONLY location_category
    ADD CONSTRAINT location_category_category_id_fkey FOREIGN KEY (category_id) REFERENCES category(category_id);


--
-- TOC entry 2079 (class 2606 OID 33016)
-- Name: location_category_location_id_fkey; Type: FK CONSTRAINT; Schema: public; Owner: postgres
--

ALTER TABLE ONLY location_category
    ADD CONSTRAINT location_category_location_id_fkey FOREIGN KEY (location_id) REFERENCES location(location_id);


--
-- TOC entry 2076 (class 2606 OID 33021)
-- Name: location_manager_id_fkey; Type: FK CONSTRAINT; Schema: public; Owner: postgres
--

ALTER TABLE ONLY location
    ADD CONSTRAINT location_manager_id_fkey FOREIGN KEY (manager_id) REFERENCES person(person_id);


--
-- TOC entry 2077 (class 2606 OID 33026)
-- Name: location_owner_id_fkey; Type: FK CONSTRAINT; Schema: public; Owner: postgres
--

ALTER TABLE ONLY location
    ADD CONSTRAINT location_owner_id_fkey FOREIGN KEY (owner_id) REFERENCES person(person_id);


--
-- TOC entry 2080 (class 2606 OID 33031)
-- Name: option_item_id_fkey; Type: FK CONSTRAINT; Schema: public; Owner: postgres
--

ALTER TABLE ONLY option
    ADD CONSTRAINT option_item_id_fkey FOREIGN KEY (parent_id) REFERENCES item(item_id);


--
-- TOC entry 2081 (class 2606 OID 33036)
-- Name: option_next_id_fkey; Type: FK CONSTRAINT; Schema: public; Owner: postgres
--

ALTER TABLE ONLY option
    ADD CONSTRAINT option_next_id_fkey FOREIGN KEY (next_id) REFERENCES item(item_id);


--
-- TOC entry 2082 (class 2606 OID 33041)
-- Name: path_option_id_fkey; Type: FK CONSTRAINT; Schema: public; Owner: postgres
--

ALTER TABLE ONLY path
    ADD CONSTRAINT path_option_id_fkey FOREIGN KEY (option_id) REFERENCES option(option_id);


--
-- TOC entry 2083 (class 2606 OID 33046)
-- Name: path_report_id_fkey; Type: FK CONSTRAINT; Schema: public; Owner: postgres
--

ALTER TABLE ONLY path
    ADD CONSTRAINT path_report_id_fkey FOREIGN KEY (report_id) REFERENCES report(report_id);


--
-- TOC entry 2084 (class 2606 OID 33051)
-- Name: report_creator_id_fkey; Type: FK CONSTRAINT; Schema: public; Owner: postgres
--

ALTER TABLE ONLY report
    ADD CONSTRAINT report_creator_id_fkey FOREIGN KEY (creator_id) REFERENCES users(user_id);


--
-- TOC entry 2085 (class 2606 OID 33056)
-- Name: report_flowchart_id_fkey; Type: FK CONSTRAINT; Schema: public; Owner: postgres
--

ALTER TABLE ONLY report
    ADD CONSTRAINT report_flowchart_id_fkey FOREIGN KEY (flowchart_id) REFERENCES flowchart(flowchart_id);


--
-- TOC entry 2086 (class 2606 OID 33061)
-- Name: report_location_id_fkey; Type: FK CONSTRAINT; Schema: public; Owner: postgres
--

ALTER TABLE ONLY report
    ADD CONSTRAINT report_location_id_fkey FOREIGN KEY (location_id) REFERENCES location(location_id);


--
-- TOC entry 2087 (class 2606 OID 33071)
-- Name: user_person_fkey; Type: FK CONSTRAINT; Schema: public; Owner: postgres
--

ALTER TABLE ONLY users
    ADD CONSTRAINT user_person_fkey FOREIGN KEY (person_id) REFERENCES person(person_id);


--
-- TOC entry 2088 (class 2606 OID 33076)
-- Name: users_specialization_spec_id_fkey; Type: FK CONSTRAINT; Schema: public; Owner: postgres
--

ALTER TABLE ONLY users_specialization
    ADD CONSTRAINT users_specialization_spec_id_fkey FOREIGN KEY (spec_id) REFERENCES specialization(spec_id);


--
-- TOC entry 2089 (class 2606 OID 33081)
-- Name: users_specialization_user_id_fkey; Type: FK CONSTRAINT; Schema: public; Owner: postgres
--

ALTER TABLE ONLY users_specialization
    ADD CONSTRAINT users_specialization_user_id_fkey FOREIGN KEY (user_id) REFERENCES users(user_id);


--
-- TOC entry 2234 (class 0 OID 0)
-- Dependencies: 6
-- Name: public; Type: ACL; Schema: -; Owner: postgres
--

REVOKE ALL ON SCHEMA public FROM PUBLIC;
REVOKE ALL ON SCHEMA public FROM postgres;
GRANT ALL ON SCHEMA public TO postgres;
GRANT ALL ON SCHEMA public TO PUBLIC;


-- Completed on 2015-05-04 00:08:55

--
-- PostgreSQL database dump complete
--

