--
-- PostgreSQL database dump
--

-- Dumped from database version 9.4.1
-- Dumped by pg_dump version 9.4.1
-- Started on 2015-04-18 16:17:44

SET statement_timeout = 0;
SET lock_timeout = 0;
SET client_encoding = 'SQL_ASCII';
SET standard_conforming_strings = on;
SET check_function_bodies = false;
SET client_min_messages = warning;

--
-- TOC entry 200 (class 3079 OID 11855)
-- Name: plpgsql; Type: EXTENSION; Schema: -; Owner: 
--

CREATE EXTENSION IF NOT EXISTS plpgsql WITH SCHEMA pg_catalog;


--
-- TOC entry 2229 (class 0 OID 0)
-- Dependencies: 200
-- Name: EXTENSION plpgsql; Type: COMMENT; Schema: -; Owner: 
--

COMMENT ON EXTENSION plpgsql IS 'PL/pgSQL procedural language';


--
-- TOC entry 201 (class 3079 OID 24944)
-- Name: pgcrypto; Type: EXTENSION; Schema: -; Owner: 
--

CREATE EXTENSION IF NOT EXISTS pgcrypto WITH SCHEMA public;


--
-- TOC entry 2230 (class 0 OID 0)
-- Dependencies: 201
-- Name: EXTENSION pgcrypto; Type: COMMENT; Schema: -; Owner: 
--

COMMENT ON EXTENSION pgcrypto IS 'cryptographic functions';


SET search_path = public, pg_catalog;

SET default_tablespace = '';

SET default_with_oids = false;

--
-- TOC entry 172 (class 1259 OID 24979)
-- Name: address; Type: TABLE; Schema: public; Owner: postgres; Tablespace: 
--

CREATE TABLE address (
    address_id bigint NOT NULL,
    address_line1 character varying,
    city character varying,
    address_line2 character varying,
    zipcode character varying
);


ALTER TABLE address OWNER TO postgres;

--
-- TOC entry 173 (class 1259 OID 24985)
-- Name: address_address_id_seq; Type: SEQUENCE; Schema: public; Owner: postgres
--

CREATE SEQUENCE address_address_id_seq
    START WITH 1
    INCREMENT BY 1
    NO MINVALUE
    NO MAXVALUE
    CACHE 1;


ALTER TABLE address_address_id_seq OWNER TO postgres;

--
-- TOC entry 2231 (class 0 OID 0)
-- Dependencies: 173
-- Name: address_address_id_seq; Type: SEQUENCE OWNED BY; Schema: public; Owner: postgres
--

ALTER SEQUENCE address_address_id_seq OWNED BY address.address_id;


--
-- TOC entry 174 (class 1259 OID 24987)
-- Name: appointments; Type: TABLE; Schema: public; Owner: postgres; Tablespace: 
--

CREATE TABLE appointments (
    appointment_id bigint NOT NULL,
    date date,
    "time" time without time zone,
    location_id bigint NOT NULL,
    report_id bigint NOT NULL,
    purpose text
);


ALTER TABLE appointments OWNER TO postgres;

--
-- TOC entry 175 (class 1259 OID 24993)
-- Name: appointments_appointment_id_seq; Type: SEQUENCE; Schema: public; Owner: postgres
--

CREATE SEQUENCE appointments_appointment_id_seq
    START WITH 1
    INCREMENT BY 1
    NO MINVALUE
    NO MAXVALUE
    CACHE 1;


ALTER TABLE appointments_appointment_id_seq OWNER TO postgres;

--
-- TOC entry 2232 (class 0 OID 0)
-- Dependencies: 175
-- Name: appointments_appointment_id_seq; Type: SEQUENCE OWNED BY; Schema: public; Owner: postgres
--

ALTER SEQUENCE appointments_appointment_id_seq OWNED BY appointments.appointment_id;


--
-- TOC entry 176 (class 1259 OID 24995)
-- Name: category; Type: TABLE; Schema: public; Owner: postgres; Tablespace: 
--

CREATE TABLE category (
    category_id bigint NOT NULL,
    name character varying
);


ALTER TABLE category OWNER TO postgres;

--
-- TOC entry 177 (class 1259 OID 25001)
-- Name: category_category_id_seq; Type: SEQUENCE; Schema: public; Owner: postgres
--

CREATE SEQUENCE category_category_id_seq
    START WITH 1
    INCREMENT BY 1
    NO MINVALUE
    NO MAXVALUE
    CACHE 1;


ALTER TABLE category_category_id_seq OWNER TO postgres;

--
-- TOC entry 2233 (class 0 OID 0)
-- Dependencies: 177
-- Name: category_category_id_seq; Type: SEQUENCE OWNED BY; Schema: public; Owner: postgres
--

ALTER SEQUENCE category_category_id_seq OWNED BY category.category_id;


--
-- TOC entry 178 (class 1259 OID 25003)
-- Name: devices; Type: TABLE; Schema: public; Owner: postgres; Tablespace: 
--

CREATE TABLE devices (
    device_id bigint NOT NULL,
    name character varying,
    id_number character varying NOT NULL,
    user_id bigint,
    latest_sync timestamp without time zone
);


ALTER TABLE devices OWNER TO postgres;

--
-- TOC entry 179 (class 1259 OID 25009)
-- Name: devices_device_id_seq; Type: SEQUENCE; Schema: public; Owner: postgres
--

CREATE SEQUENCE devices_device_id_seq
    START WITH 1
    INCREMENT BY 1
    NO MINVALUE
    NO MAXVALUE
    CACHE 1;


ALTER TABLE devices_device_id_seq OWNER TO postgres;

--
-- TOC entry 2234 (class 0 OID 0)
-- Dependencies: 179
-- Name: devices_device_id_seq; Type: SEQUENCE OWNED BY; Schema: public; Owner: postgres
--

ALTER SEQUENCE devices_device_id_seq OWNED BY devices.device_id;


--
-- TOC entry 180 (class 1259 OID 25011)
-- Name: flowchart; Type: TABLE; Schema: public; Owner: postgres; Tablespace: 
--

CREATE TABLE flowchart (
    flowchart_id bigint NOT NULL,
    first_id bigint,
    name character varying,
    end_id bigint,
    creator_id bigint,
    version character varying
);


ALTER TABLE flowchart OWNER TO postgres;

--
-- TOC entry 181 (class 1259 OID 25017)
-- Name: flowchart_flowchart_id_seq; Type: SEQUENCE; Schema: public; Owner: postgres
--

CREATE SEQUENCE flowchart_flowchart_id_seq
    START WITH 1
    INCREMENT BY 1
    NO MINVALUE
    NO MAXVALUE
    CACHE 1;


ALTER TABLE flowchart_flowchart_id_seq OWNER TO postgres;

--
-- TOC entry 2235 (class 0 OID 0)
-- Dependencies: 181
-- Name: flowchart_flowchart_id_seq; Type: SEQUENCE OWNED BY; Schema: public; Owner: postgres
--

ALTER SEQUENCE flowchart_flowchart_id_seq OWNED BY flowchart.flowchart_id;


--
-- TOC entry 182 (class 1259 OID 25019)
-- Name: item; Type: TABLE; Schema: public; Owner: postgres; Tablespace: 
--

CREATE TABLE item (
    item_id bigint NOT NULL,
    flowchart_id bigint NOT NULL,
    label text,
    pos_top double precision,
    pos_left double precision,
    type character varying
);


ALTER TABLE item OWNER TO postgres;

--
-- TOC entry 183 (class 1259 OID 25025)
-- Name: item_item_id_seq; Type: SEQUENCE; Schema: public; Owner: postgres
--

CREATE SEQUENCE item_item_id_seq
    START WITH 1
    INCREMENT BY 1
    NO MINVALUE
    NO MAXVALUE
    CACHE 1;


ALTER TABLE item_item_id_seq OWNER TO postgres;

--
-- TOC entry 2236 (class 0 OID 0)
-- Dependencies: 183
-- Name: item_item_id_seq; Type: SEQUENCE OWNED BY; Schema: public; Owner: postgres
--

ALTER SEQUENCE item_item_id_seq OWNED BY item.item_id;


--
-- TOC entry 184 (class 1259 OID 25027)
-- Name: location; Type: TABLE; Schema: public; Owner: postgres; Tablespace: 
--

CREATE TABLE location (
    location_id bigint NOT NULL,
    name character varying,
    address_id bigint,
    owner_id bigint,
    manager_id bigint,
    license character varying,
    agent_id bigint
);


ALTER TABLE location OWNER TO postgres;

--
-- TOC entry 185 (class 1259 OID 25033)
-- Name: location_category; Type: TABLE; Schema: public; Owner: postgres; Tablespace: 
--

CREATE TABLE location_category (
    location_id bigint NOT NULL,
    category_id bigint NOT NULL
);


ALTER TABLE location_category OWNER TO postgres;

--
-- TOC entry 186 (class 1259 OID 25036)
-- Name: location_location_id_seq; Type: SEQUENCE; Schema: public; Owner: postgres
--

CREATE SEQUENCE location_location_id_seq
    START WITH 1
    INCREMENT BY 1
    NO MINVALUE
    NO MAXVALUE
    CACHE 1;


ALTER TABLE location_location_id_seq OWNER TO postgres;

--
-- TOC entry 2237 (class 0 OID 0)
-- Dependencies: 186
-- Name: location_location_id_seq; Type: SEQUENCE OWNED BY; Schema: public; Owner: postgres
--

ALTER SEQUENCE location_location_id_seq OWNED BY location.location_id;


--
-- TOC entry 187 (class 1259 OID 25038)
-- Name: option; Type: TABLE; Schema: public; Owner: postgres; Tablespace: 
--

CREATE TABLE option (
    option_id bigint NOT NULL,
    parent_id bigint,
    next_id bigint,
    label text
);


ALTER TABLE option OWNER TO postgres;

--
-- TOC entry 188 (class 1259 OID 25044)
-- Name: option_option_id_seq; Type: SEQUENCE; Schema: public; Owner: postgres
--

CREATE SEQUENCE option_option_id_seq
    START WITH 1
    INCREMENT BY 1
    NO MINVALUE
    NO MAXVALUE
    CACHE 1;


ALTER TABLE option_option_id_seq OWNER TO postgres;

--
-- TOC entry 2238 (class 0 OID 0)
-- Dependencies: 188
-- Name: option_option_id_seq; Type: SEQUENCE OWNED BY; Schema: public; Owner: postgres
--

ALTER SEQUENCE option_option_id_seq OWNED BY option.option_id;


--
-- TOC entry 189 (class 1259 OID 25046)
-- Name: path; Type: TABLE; Schema: public; Owner: postgres; Tablespace: 
--

CREATE TABLE path (
    report_id bigint NOT NULL,
    option_id bigint NOT NULL,
    data text
);


ALTER TABLE path OWNER TO postgres;

--
-- TOC entry 190 (class 1259 OID 25052)
-- Name: person; Type: TABLE; Schema: public; Owner: postgres; Tablespace: 
--

CREATE TABLE person (
    person_id bigint NOT NULL,
    last_name1 character varying NOT NULL,
    first_name character varying NOT NULL,
    email character varying(254),
    last_name2 character varying,
    middle_initial character varying,
    phone_number text
);


ALTER TABLE person OWNER TO postgres;

--
-- TOC entry 191 (class 1259 OID 25058)
-- Name: person_person_id_seq; Type: SEQUENCE; Schema: public; Owner: postgres
--

CREATE SEQUENCE person_person_id_seq
    START WITH 1
    INCREMENT BY 1
    NO MINVALUE
    NO MAXVALUE
    CACHE 1;


ALTER TABLE person_person_id_seq OWNER TO postgres;

--
-- TOC entry 2239 (class 0 OID 0)
-- Dependencies: 191
-- Name: person_person_id_seq; Type: SEQUENCE OWNED BY; Schema: public; Owner: postgres
--

ALTER SEQUENCE person_person_id_seq OWNED BY person.person_id;


--
-- TOC entry 192 (class 1259 OID 25060)
-- Name: report; Type: TABLE; Schema: public; Owner: postgres; Tablespace: 
--

CREATE TABLE report (
    report_id bigint NOT NULL,
    creator_id bigint,
    location_id bigint,
    subject_id bigint,
    flowchart_id bigint,
    note text,
    date_filed date
);


ALTER TABLE report OWNER TO postgres;

--
-- TOC entry 193 (class 1259 OID 25066)
-- Name: report_report_id_seq; Type: SEQUENCE; Schema: public; Owner: postgres
--

CREATE SEQUENCE report_report_id_seq
    START WITH 1
    INCREMENT BY 1
    NO MINVALUE
    NO MAXVALUE
    CACHE 1;


ALTER TABLE report_report_id_seq OWNER TO postgres;

--
-- TOC entry 2240 (class 0 OID 0)
-- Dependencies: 193
-- Name: report_report_id_seq; Type: SEQUENCE OWNED BY; Schema: public; Owner: postgres
--

ALTER SEQUENCE report_report_id_seq OWNED BY report.report_id;


--
-- TOC entry 194 (class 1259 OID 25068)
-- Name: specialization; Type: TABLE; Schema: public; Owner: postgres; Tablespace: 
--

CREATE TABLE specialization (
    spec_id bigint NOT NULL,
    name character varying
);


ALTER TABLE specialization OWNER TO postgres;

--
-- TOC entry 195 (class 1259 OID 25074)
-- Name: specialization_spec_id_seq; Type: SEQUENCE; Schema: public; Owner: postgres
--

CREATE SEQUENCE specialization_spec_id_seq
    START WITH 1
    INCREMENT BY 1
    NO MINVALUE
    NO MAXVALUE
    CACHE 1;


ALTER TABLE specialization_spec_id_seq OWNER TO postgres;

--
-- TOC entry 2241 (class 0 OID 0)
-- Dependencies: 195
-- Name: specialization_spec_id_seq; Type: SEQUENCE OWNED BY; Schema: public; Owner: postgres
--

ALTER SEQUENCE specialization_spec_id_seq OWNED BY specialization.spec_id;


--
-- TOC entry 196 (class 1259 OID 25076)
-- Name: users; Type: TABLE; Schema: public; Owner: postgres; Tablespace: 
--

CREATE TABLE users (
    user_id bigint NOT NULL,
    username character varying(32) NOT NULL,
    passhash text DEFAULT crypt(gen_salt('bf'::text), gen_salt('bf'::text)) NOT NULL,
    person_id bigint,
    salt text DEFAULT gen_salt('bf'::text) NOT NULL,
    type character varying NOT NULL
);


ALTER TABLE users OWNER TO postgres;

--
-- TOC entry 2242 (class 0 OID 0)
-- Dependencies: 196
-- Name: COLUMN users.passhash; Type: COMMENT; Schema: public; Owner: postgres
--

COMMENT ON COLUMN users.passhash IS 'crypt(''new password'', gen_salt(''bf''))';


--
-- TOC entry 197 (class 1259 OID 25084)
-- Name: user_user_id_seq; Type: SEQUENCE; Schema: public; Owner: postgres
--

CREATE SEQUENCE user_user_id_seq
    START WITH 1
    INCREMENT BY 1
    NO MINVALUE
    NO MAXVALUE
    CACHE 1;


ALTER TABLE user_user_id_seq OWNER TO postgres;

--
-- TOC entry 2243 (class 0 OID 0)
-- Dependencies: 197
-- Name: user_user_id_seq; Type: SEQUENCE OWNED BY; Schema: public; Owner: postgres
--

ALTER SEQUENCE user_user_id_seq OWNED BY users.user_id;


--
-- TOC entry 199 (class 1259 OID 33117)
-- Name: users_specialization; Type: TABLE; Schema: public; Owner: postgres; Tablespace: 
--

CREATE TABLE users_specialization (
    user_id bigint NOT NULL,
    spec_id bigint NOT NULL
);


ALTER TABLE users_specialization OWNER TO postgres;

--
-- TOC entry 198 (class 1259 OID 25086)
-- Name: view_users; Type: VIEW; Schema: public; Owner: postgres
--

CREATE VIEW view_users AS
 SELECT users.username,
    person.first_name,
    person.last_name1,
    person.last_name2,
    person.email
   FROM (users
     JOIN person ON ((users.person_id = person.person_id)));


ALTER TABLE view_users OWNER TO postgres;

--
-- TOC entry 2011 (class 2604 OID 25090)
-- Name: address_id; Type: DEFAULT; Schema: public; Owner: postgres
--

ALTER TABLE ONLY address ALTER COLUMN address_id SET DEFAULT nextval('address_address_id_seq'::regclass);


--
-- TOC entry 2012 (class 2604 OID 25091)
-- Name: appointment_id; Type: DEFAULT; Schema: public; Owner: postgres
--

ALTER TABLE ONLY appointments ALTER COLUMN appointment_id SET DEFAULT nextval('appointments_appointment_id_seq'::regclass);


--
-- TOC entry 2013 (class 2604 OID 25092)
-- Name: category_id; Type: DEFAULT; Schema: public; Owner: postgres
--

ALTER TABLE ONLY category ALTER COLUMN category_id SET DEFAULT nextval('category_category_id_seq'::regclass);


--
-- TOC entry 2014 (class 2604 OID 25093)
-- Name: device_id; Type: DEFAULT; Schema: public; Owner: postgres
--

ALTER TABLE ONLY devices ALTER COLUMN device_id SET DEFAULT nextval('devices_device_id_seq'::regclass);


--
-- TOC entry 2015 (class 2604 OID 25094)
-- Name: flowchart_id; Type: DEFAULT; Schema: public; Owner: postgres
--

ALTER TABLE ONLY flowchart ALTER COLUMN flowchart_id SET DEFAULT nextval('flowchart_flowchart_id_seq'::regclass);


--
-- TOC entry 2016 (class 2604 OID 25095)
-- Name: item_id; Type: DEFAULT; Schema: public; Owner: postgres
--

ALTER TABLE ONLY item ALTER COLUMN item_id SET DEFAULT nextval('item_item_id_seq'::regclass);


--
-- TOC entry 2017 (class 2604 OID 25096)
-- Name: location_id; Type: DEFAULT; Schema: public; Owner: postgres
--

ALTER TABLE ONLY location ALTER COLUMN location_id SET DEFAULT nextval('location_location_id_seq'::regclass);


--
-- TOC entry 2018 (class 2604 OID 25097)
-- Name: option_id; Type: DEFAULT; Schema: public; Owner: postgres
--

ALTER TABLE ONLY option ALTER COLUMN option_id SET DEFAULT nextval('option_option_id_seq'::regclass);


--
-- TOC entry 2019 (class 2604 OID 25098)
-- Name: person_id; Type: DEFAULT; Schema: public; Owner: postgres
--

ALTER TABLE ONLY person ALTER COLUMN person_id SET DEFAULT nextval('person_person_id_seq'::regclass);


--
-- TOC entry 2020 (class 2604 OID 25099)
-- Name: report_id; Type: DEFAULT; Schema: public; Owner: postgres
--

ALTER TABLE ONLY report ALTER COLUMN report_id SET DEFAULT nextval('report_report_id_seq'::regclass);


--
-- TOC entry 2021 (class 2604 OID 25100)
-- Name: spec_id; Type: DEFAULT; Schema: public; Owner: postgres
--

ALTER TABLE ONLY specialization ALTER COLUMN spec_id SET DEFAULT nextval('specialization_spec_id_seq'::regclass);


--
-- TOC entry 2024 (class 2604 OID 25101)
-- Name: user_id; Type: DEFAULT; Schema: public; Owner: postgres
--

ALTER TABLE ONLY users ALTER COLUMN user_id SET DEFAULT nextval('user_user_id_seq'::regclass);


--
-- TOC entry 2195 (class 0 OID 24979)
-- Dependencies: 172
-- Data for Name: address; Type: TABLE DATA; Schema: public; Owner: postgres
--

COPY address (address_id, address_line1, city, address_line2, zipcode) FROM stdin;
2	123 bomba	Aguadilla	\N	\N
3	Calle Watah despues del Mcdonalds	San Juan	\N	\N
4	Jesse Pinkerton's House	New Mexico	\N	\N
5	lost	lost	lost	000000
1	Bagge Farm	Kansas	in the middle of Nowhere	00666
11	Kittyland	kittyland	01234567	002211
12	Old  Mcdonad's farm	London	66006600	123456
\.


--
-- TOC entry 2244 (class 0 OID 0)
-- Dependencies: 173
-- Name: address_address_id_seq; Type: SEQUENCE SET; Schema: public; Owner: postgres
--

SELECT pg_catalog.setval('address_address_id_seq', 12, true);


--
-- TOC entry 2197 (class 0 OID 24987)
-- Dependencies: 174
-- Data for Name: appointments; Type: TABLE DATA; Schema: public; Owner: postgres
--

COPY appointments (appointment_id, date, "time", location_id, report_id, purpose) FROM stdin;
1	2015-05-01	10:05:00	1	1	Cita de Seguimiento
2	2015-06-10	16:30:00	4	2	Observacion
\.


--
-- TOC entry 2245 (class 0 OID 0)
-- Dependencies: 175
-- Name: appointments_appointment_id_seq; Type: SEQUENCE SET; Schema: public; Owner: postgres
--

SELECT pg_catalog.setval('appointments_appointment_id_seq', 2, true);


--
-- TOC entry 2199 (class 0 OID 24995)
-- Dependencies: 176
-- Data for Name: category; Type: TABLE DATA; Schema: public; Owner: postgres
--

COPY category (category_id, name) FROM stdin;
3	Pequeña
2	Medana
1	Grande
\.


--
-- TOC entry 2246 (class 0 OID 0)
-- Dependencies: 177
-- Name: category_category_id_seq; Type: SEQUENCE SET; Schema: public; Owner: postgres
--

SELECT pg_catalog.setval('category_category_id_seq', 3, true);


--
-- TOC entry 2201 (class 0 OID 25003)
-- Dependencies: 178
-- Data for Name: devices; Type: TABLE DATA; Schema: public; Owner: postgres
--

COPY devices (device_id, name, id_number, user_id, latest_sync) FROM stdin;
1	Tablet 1	001122	2	2004-10-19 10:23:54
8	Tablet 2	001133	6	2014-01-15 00:03:20
\.


--
-- TOC entry 2247 (class 0 OID 0)
-- Dependencies: 179
-- Name: devices_device_id_seq; Type: SEQUENCE SET; Schema: public; Owner: postgres
--

SELECT pg_catalog.setval('devices_device_id_seq', 8, true);


--
-- TOC entry 2203 (class 0 OID 25011)
-- Dependencies: 180
-- Data for Name: flowchart; Type: TABLE DATA; Schema: public; Owner: postgres
--

COPY flowchart (flowchart_id, first_id, name, end_id, creator_id, version) FROM stdin;
1	1	Test	10	1	1.0.0
\.


--
-- TOC entry 2248 (class 0 OID 0)
-- Dependencies: 181
-- Name: flowchart_flowchart_id_seq; Type: SEQUENCE SET; Schema: public; Owner: postgres
--

SELECT pg_catalog.setval('flowchart_flowchart_id_seq', 1, true);


--
-- TOC entry 2205 (class 0 OID 25019)
-- Dependencies: 182
-- Data for Name: item; Type: TABLE DATA; Schema: public; Owner: postgres
--

COPY item (item_id, flowchart_id, label, pos_top, pos_left, type) FROM stdin;
1	1	Is the cow sick?	0	0	Boolean
2	1	How would you categorize the problem	0	0	MULTI
3	1	Record a description of the milk coloring, texture, and smell	0	0	OPEN
4	1	Input amount of times cow eats a day	0	0	CONDITIONAL
5	1	Recommendation 1	0	0	RECOM
6	1	Recommendation 2	0	0	RECOM
7	1	Recommendation 3	0	0	RECOM
8	1	Recommendation 4	0	0	RECOM
9	1	Recommendation 5	0	0	RECOM
10	1	End of: Test	0	0	END
\.


--
-- TOC entry 2249 (class 0 OID 0)
-- Dependencies: 183
-- Name: item_item_id_seq; Type: SEQUENCE SET; Schema: public; Owner: postgres
--

SELECT pg_catalog.setval('item_item_id_seq', 10, true);


--
-- TOC entry 2207 (class 0 OID 25027)
-- Dependencies: 184
-- Data for Name: location; Type: TABLE DATA; Schema: public; Owner: postgres
--

COPY location (location_id, name, address_id, owner_id, manager_id, license, agent_id) FROM stdin;
3	Mad Kow Aguadilla	2	5	10	00112233	2
5	Pollos Hermanos	4	12	11	12990066	2
4	Mad Kow San Juan	3	5	11	223344113	6
6	LOST	5	\N	\N	4815162342	\N
1	La granjita del pueblo	1	5	6	123456789	2
7	Kittyland	11	\N	\N	01234567	\N
8	Old  Mcdonad's farm	12	\N	\N	66006600	\N
\.


--
-- TOC entry 2208 (class 0 OID 25033)
-- Dependencies: 185
-- Data for Name: location_category; Type: TABLE DATA; Schema: public; Owner: postgres
--

COPY location_category (location_id, category_id) FROM stdin;
1	3
3	1
4	1
5	1
\.


--
-- TOC entry 2250 (class 0 OID 0)
-- Dependencies: 186
-- Name: location_location_id_seq; Type: SEQUENCE SET; Schema: public; Owner: postgres
--

SELECT pg_catalog.setval('location_location_id_seq', 8, true);


--
-- TOC entry 2210 (class 0 OID 25038)
-- Dependencies: 187
-- Data for Name: option; Type: TABLE DATA; Schema: public; Owner: postgres
--

COPY option (option_id, parent_id, next_id, label) FROM stdin;
1	1	2	Yes
2	1	5	No
3	2	4	Milk is discolored
4	2	6	Injured Leg
5	2	4	Eating Problems
6	4	8	2
7	4	9	4
8	3	7	Its yellow, its chunky, and it smells rotten.
9	7	10	End
10	6	10	End
11	8	10	End
12	5	10	End
13	9	10	End
\.


--
-- TOC entry 2251 (class 0 OID 0)
-- Dependencies: 188
-- Name: option_option_id_seq; Type: SEQUENCE SET; Schema: public; Owner: postgres
--

SELECT pg_catalog.setval('option_option_id_seq', 13, true);


--
-- TOC entry 2212 (class 0 OID 25046)
-- Dependencies: 189
-- Data for Name: path; Type: TABLE DATA; Schema: public; Owner: postgres
--

COPY path (report_id, option_id, data) FROM stdin;
\.


--
-- TOC entry 2213 (class 0 OID 25052)
-- Dependencies: 190
-- Data for Name: person; Type: TABLE DATA; Schema: public; Owner: postgres
--

COPY person (person_id, last_name1, first_name, email, last_name2, middle_initial, phone_number) FROM stdin;
1	Bar	Foo	sea_admin@upr.edu	Watdo	J	555-555-1234
2	Mofongo	Nelsongo	nelsongo.mofongo@upr.edu	Cocacola	E	555-555-1234
5	Doe	John	john.doe@gmail.edu	Johnson	\N	555-555-1234
3	Geller	Ross	ross.geller@upr.edu	Doctor	D	555-555-1234
6	Smith	Jane	wazza123@hotmail.com	White	\N	555-555-1234
11	Cruz	Pepita	pe.cru@lol.com	Cruise	\N	555-555-1234
10	Gonzalez	Pepito	lalala@wat.com	Rodriguez	X	555-555-1234
12	Fring	Gustavo	breaking.bad@amc.com	Pollos	\N	555-555-1234
13	Cornholio	Beavis	mike.judge@mtv.com	Buthead	E	555-555-1234
14	Scully	Dana	iwanttobelieve@fox.com	Mulder	\N	555-555-1234
15	Dilworth	John	john.r.dilworth@upr.edu	Bagge	R	
\.


--
-- TOC entry 2252 (class 0 OID 0)
-- Dependencies: 191
-- Name: person_person_id_seq; Type: SEQUENCE SET; Schema: public; Owner: postgres
--

SELECT pg_catalog.setval('person_person_id_seq', 15, true);


--
-- TOC entry 2215 (class 0 OID 25060)
-- Dependencies: 192
-- Data for Name: report; Type: TABLE DATA; Schema: public; Owner: postgres
--

COPY report (report_id, creator_id, location_id, subject_id, flowchart_id, note, date_filed) FROM stdin;
1	2	1	6	1	Lorem ipsum dolor sit amet, feugiat nulla commodo, luctus elit euismod. Neque nunc, lectus mi tellus, neque primis erat, eget euismod convallis. Justo laoreet id neque eget leo placerat, nulla id, viverra amet laoreet litora lorem, mollis elit volutpat vel turpis sed laborum, massa consectetuer facilisis. Donec vehicula egestas purus nulla ut est. Accumsan risus massa commodo vivamus placerat sit, ut felis turpis consectetuer, per litora lectus diam scelerisque libero, ante ac at nulla. Pellentesque fermentum nunc eros mattis.	2010-01-08
2	2	4	11	1	Na, todo anda bien aqui.	2014-12-10
\.


--
-- TOC entry 2253 (class 0 OID 0)
-- Dependencies: 193
-- Name: report_report_id_seq; Type: SEQUENCE SET; Schema: public; Owner: postgres
--

SELECT pg_catalog.setval('report_report_id_seq', 2, true);


--
-- TOC entry 2217 (class 0 OID 25068)
-- Dependencies: 194
-- Data for Name: specialization; Type: TABLE DATA; Schema: public; Owner: postgres
--

COPY specialization (spec_id, name) FROM stdin;
2	Anatidaephobia
1	Paleontology
\.


--
-- TOC entry 2254 (class 0 OID 0)
-- Dependencies: 195
-- Name: specialization_spec_id_seq; Type: SEQUENCE SET; Schema: public; Owner: postgres
--

SELECT pg_catalog.setval('specialization_spec_id_seq', 2, true);


--
-- TOC entry 2255 (class 0 OID 0)
-- Dependencies: 197
-- Name: user_user_id_seq; Type: SEQUENCE SET; Schema: public; Owner: postgres
--

SELECT pg_catalog.setval('user_user_id_seq', 7, true);


--
-- TOC entry 2219 (class 0 OID 25076)
-- Dependencies: 196
-- Data for Name: users; Type: TABLE DATA; Schema: public; Owner: postgres
--

COPY users (user_id, username, passhash, person_id, salt, type) FROM stdin;
1	sea_admin@upr.edu	password	1	$2a$06$LMRfvcHKw1FyqsbgryP03O	admin
3	ross.geller@upr.edu	password	3	$2a$06$mb60YsdbsiO9rTKJey/hqe	specialist
7	iwanttobelieve@fox.com	password	14	$2a$06$oiP1UEPtEdaHbzoH4X12s.	specialist
2	nelsongo.mofongo@upr.edu	password	2	$2a$06$DkLy6BIWUalW66HzwYF48e	agent
6	mike.judge@mtv.com	password	13	$2a$06$LG0eIdq.7ihr/Pt.6JkePe	agent
\.


--
-- TOC entry 2221 (class 0 OID 33117)
-- Dependencies: 199
-- Data for Name: users_specialization; Type: TABLE DATA; Schema: public; Owner: postgres
--

COPY users_specialization (user_id, spec_id) FROM stdin;
3	1
7	2
\.


--
-- TOC entry 2026 (class 2606 OID 25103)
-- Name: address_pkey; Type: CONSTRAINT; Schema: public; Owner: postgres; Tablespace: 
--

ALTER TABLE ONLY address
    ADD CONSTRAINT address_pkey PRIMARY KEY (address_id);


--
-- TOC entry 2028 (class 2606 OID 25105)
-- Name: appointments_pkey; Type: CONSTRAINT; Schema: public; Owner: postgres; Tablespace: 
--

ALTER TABLE ONLY appointments
    ADD CONSTRAINT appointments_pkey PRIMARY KEY (appointment_id);


--
-- TOC entry 2030 (class 2606 OID 25107)
-- Name: category_name_key; Type: CONSTRAINT; Schema: public; Owner: postgres; Tablespace: 
--

ALTER TABLE ONLY category
    ADD CONSTRAINT category_name_key UNIQUE (name);


--
-- TOC entry 2032 (class 2606 OID 25109)
-- Name: category_pkey; Type: CONSTRAINT; Schema: public; Owner: postgres; Tablespace: 
--

ALTER TABLE ONLY category
    ADD CONSTRAINT category_pkey PRIMARY KEY (category_id);


--
-- TOC entry 2034 (class 2606 OID 25111)
-- Name: devices_pkey; Type: CONSTRAINT; Schema: public; Owner: postgres; Tablespace: 
--

ALTER TABLE ONLY devices
    ADD CONSTRAINT devices_pkey PRIMARY KEY (device_id);


--
-- TOC entry 2036 (class 2606 OID 25113)
-- Name: flowchart_pkey; Type: CONSTRAINT; Schema: public; Owner: postgres; Tablespace: 
--

ALTER TABLE ONLY flowchart
    ADD CONSTRAINT flowchart_pkey PRIMARY KEY (flowchart_id);


--
-- TOC entry 2038 (class 2606 OID 25115)
-- Name: item_pkey; Type: CONSTRAINT; Schema: public; Owner: postgres; Tablespace: 
--

ALTER TABLE ONLY item
    ADD CONSTRAINT item_pkey PRIMARY KEY (item_id);


--
-- TOC entry 2042 (class 2606 OID 25117)
-- Name: location_category_pkey; Type: CONSTRAINT; Schema: public; Owner: postgres; Tablespace: 
--

ALTER TABLE ONLY location_category
    ADD CONSTRAINT location_category_pkey PRIMARY KEY (location_id, category_id);


--
-- TOC entry 2040 (class 2606 OID 25119)
-- Name: location_pkey; Type: CONSTRAINT; Schema: public; Owner: postgres; Tablespace: 
--

ALTER TABLE ONLY location
    ADD CONSTRAINT location_pkey PRIMARY KEY (location_id);


--
-- TOC entry 2044 (class 2606 OID 25121)
-- Name: option_pkey; Type: CONSTRAINT; Schema: public; Owner: postgres; Tablespace: 
--

ALTER TABLE ONLY option
    ADD CONSTRAINT option_pkey PRIMARY KEY (option_id);


--
-- TOC entry 2046 (class 2606 OID 25123)
-- Name: path_pkey; Type: CONSTRAINT; Schema: public; Owner: postgres; Tablespace: 
--

ALTER TABLE ONLY path
    ADD CONSTRAINT path_pkey PRIMARY KEY (report_id, option_id);


--
-- TOC entry 2048 (class 2606 OID 25125)
-- Name: person_pkey; Type: CONSTRAINT; Schema: public; Owner: postgres; Tablespace: 
--

ALTER TABLE ONLY person
    ADD CONSTRAINT person_pkey PRIMARY KEY (person_id);


--
-- TOC entry 2050 (class 2606 OID 25127)
-- Name: report_pkey; Type: CONSTRAINT; Schema: public; Owner: postgres; Tablespace: 
--

ALTER TABLE ONLY report
    ADD CONSTRAINT report_pkey PRIMARY KEY (report_id);


--
-- TOC entry 2052 (class 2606 OID 25129)
-- Name: specialization_name_key; Type: CONSTRAINT; Schema: public; Owner: postgres; Tablespace: 
--

ALTER TABLE ONLY specialization
    ADD CONSTRAINT specialization_name_key UNIQUE (name);


--
-- TOC entry 2054 (class 2606 OID 25131)
-- Name: specialization_pkey; Type: CONSTRAINT; Schema: public; Owner: postgres; Tablespace: 
--

ALTER TABLE ONLY specialization
    ADD CONSTRAINT specialization_pkey PRIMARY KEY (spec_id);


--
-- TOC entry 2056 (class 2606 OID 25133)
-- Name: user_pkey; Type: CONSTRAINT; Schema: public; Owner: postgres; Tablespace: 
--

ALTER TABLE ONLY users
    ADD CONSTRAINT user_pkey PRIMARY KEY (user_id);


--
-- TOC entry 2058 (class 2606 OID 25135)
-- Name: user_username_key; Type: CONSTRAINT; Schema: public; Owner: postgres; Tablespace: 
--

ALTER TABLE ONLY users
    ADD CONSTRAINT user_username_key UNIQUE (username);


--
-- TOC entry 2060 (class 2606 OID 33121)
-- Name: users_specialization_pkey; Type: CONSTRAINT; Schema: public; Owner: postgres; Tablespace: 
--

ALTER TABLE ONLY users_specialization
    ADD CONSTRAINT users_specialization_pkey PRIMARY KEY (user_id, spec_id);


--
-- TOC entry 2061 (class 2606 OID 25136)
-- Name: appointments_location_fkey; Type: FK CONSTRAINT; Schema: public; Owner: postgres
--

ALTER TABLE ONLY appointments
    ADD CONSTRAINT appointments_location_fkey FOREIGN KEY (location_id) REFERENCES location(location_id);


--
-- TOC entry 2062 (class 2606 OID 25141)
-- Name: appointments_report_fkey; Type: FK CONSTRAINT; Schema: public; Owner: postgres
--

ALTER TABLE ONLY appointments
    ADD CONSTRAINT appointments_report_fkey FOREIGN KEY (report_id) REFERENCES report(report_id);


--
-- TOC entry 2063 (class 2606 OID 25146)
-- Name: devices_users_fkey; Type: FK CONSTRAINT; Schema: public; Owner: postgres
--

ALTER TABLE ONLY devices
    ADD CONSTRAINT devices_users_fkey FOREIGN KEY (user_id) REFERENCES users(user_id);


--
-- TOC entry 2064 (class 2606 OID 25151)
-- Name: flowchart_creator_id_fkey; Type: FK CONSTRAINT; Schema: public; Owner: postgres
--

ALTER TABLE ONLY flowchart
    ADD CONSTRAINT flowchart_creator_id_fkey FOREIGN KEY (creator_id) REFERENCES users(user_id);


--
-- TOC entry 2065 (class 2606 OID 25156)
-- Name: flowchart_end_id_fkey; Type: FK CONSTRAINT; Schema: public; Owner: postgres
--

ALTER TABLE ONLY flowchart
    ADD CONSTRAINT flowchart_end_id_fkey FOREIGN KEY (end_id) REFERENCES item(item_id);


--
-- TOC entry 2066 (class 2606 OID 25161)
-- Name: flowchart_first_id_fkey; Type: FK CONSTRAINT; Schema: public; Owner: postgres
--

ALTER TABLE ONLY flowchart
    ADD CONSTRAINT flowchart_first_id_fkey FOREIGN KEY (first_id) REFERENCES item(item_id);


--
-- TOC entry 2067 (class 2606 OID 25166)
-- Name: item_flowchart_id_fkey; Type: FK CONSTRAINT; Schema: public; Owner: postgres
--

ALTER TABLE ONLY item
    ADD CONSTRAINT item_flowchart_id_fkey FOREIGN KEY (flowchart_id) REFERENCES flowchart(flowchart_id);


--
-- TOC entry 2068 (class 2606 OID 25171)
-- Name: location_address_id_fkey; Type: FK CONSTRAINT; Schema: public; Owner: postgres
--

ALTER TABLE ONLY location
    ADD CONSTRAINT location_address_id_fkey FOREIGN KEY (address_id) REFERENCES address(address_id);


--
-- TOC entry 2069 (class 2606 OID 25176)
-- Name: location_agent_id_fkey; Type: FK CONSTRAINT; Schema: public; Owner: postgres
--

ALTER TABLE ONLY location
    ADD CONSTRAINT location_agent_id_fkey FOREIGN KEY (agent_id) REFERENCES users(user_id);


--
-- TOC entry 2072 (class 2606 OID 25181)
-- Name: location_category_category_id_fkey; Type: FK CONSTRAINT; Schema: public; Owner: postgres
--

ALTER TABLE ONLY location_category
    ADD CONSTRAINT location_category_category_id_fkey FOREIGN KEY (category_id) REFERENCES category(category_id);


--
-- TOC entry 2073 (class 2606 OID 25186)
-- Name: location_category_location_id_fkey; Type: FK CONSTRAINT; Schema: public; Owner: postgres
--

ALTER TABLE ONLY location_category
    ADD CONSTRAINT location_category_location_id_fkey FOREIGN KEY (location_id) REFERENCES location(location_id);


--
-- TOC entry 2070 (class 2606 OID 25191)
-- Name: location_manager_id_fkey; Type: FK CONSTRAINT; Schema: public; Owner: postgres
--

ALTER TABLE ONLY location
    ADD CONSTRAINT location_manager_id_fkey FOREIGN KEY (manager_id) REFERENCES person(person_id);


--
-- TOC entry 2071 (class 2606 OID 25196)
-- Name: location_owner_id_fkey; Type: FK CONSTRAINT; Schema: public; Owner: postgres
--

ALTER TABLE ONLY location
    ADD CONSTRAINT location_owner_id_fkey FOREIGN KEY (owner_id) REFERENCES person(person_id);


--
-- TOC entry 2074 (class 2606 OID 25201)
-- Name: option_item_id_fkey; Type: FK CONSTRAINT; Schema: public; Owner: postgres
--

ALTER TABLE ONLY option
    ADD CONSTRAINT option_item_id_fkey FOREIGN KEY (parent_id) REFERENCES item(item_id);


--
-- TOC entry 2075 (class 2606 OID 25206)
-- Name: option_next_id_fkey; Type: FK CONSTRAINT; Schema: public; Owner: postgres
--

ALTER TABLE ONLY option
    ADD CONSTRAINT option_next_id_fkey FOREIGN KEY (next_id) REFERENCES item(item_id);


--
-- TOC entry 2076 (class 2606 OID 25211)
-- Name: path_option_id_fkey; Type: FK CONSTRAINT; Schema: public; Owner: postgres
--

ALTER TABLE ONLY path
    ADD CONSTRAINT path_option_id_fkey FOREIGN KEY (option_id) REFERENCES option(option_id);


--
-- TOC entry 2077 (class 2606 OID 25216)
-- Name: path_report_id_fkey; Type: FK CONSTRAINT; Schema: public; Owner: postgres
--

ALTER TABLE ONLY path
    ADD CONSTRAINT path_report_id_fkey FOREIGN KEY (report_id) REFERENCES report(report_id);


--
-- TOC entry 2078 (class 2606 OID 25226)
-- Name: report_creator_id_fkey; Type: FK CONSTRAINT; Schema: public; Owner: postgres
--

ALTER TABLE ONLY report
    ADD CONSTRAINT report_creator_id_fkey FOREIGN KEY (creator_id) REFERENCES users(user_id);


--
-- TOC entry 2079 (class 2606 OID 25231)
-- Name: report_flowchart_id_fkey; Type: FK CONSTRAINT; Schema: public; Owner: postgres
--

ALTER TABLE ONLY report
    ADD CONSTRAINT report_flowchart_id_fkey FOREIGN KEY (flowchart_id) REFERENCES flowchart(flowchart_id);


--
-- TOC entry 2080 (class 2606 OID 25236)
-- Name: report_location_id_fkey; Type: FK CONSTRAINT; Schema: public; Owner: postgres
--

ALTER TABLE ONLY report
    ADD CONSTRAINT report_location_id_fkey FOREIGN KEY (location_id) REFERENCES location(location_id);


--
-- TOC entry 2081 (class 2606 OID 25241)
-- Name: report_subject_id_fkey; Type: FK CONSTRAINT; Schema: public; Owner: postgres
--

ALTER TABLE ONLY report
    ADD CONSTRAINT report_subject_id_fkey FOREIGN KEY (subject_id) REFERENCES person(person_id);


--
-- TOC entry 2082 (class 2606 OID 25246)
-- Name: user_person_fkey; Type: FK CONSTRAINT; Schema: public; Owner: postgres
--

ALTER TABLE ONLY users
    ADD CONSTRAINT user_person_fkey FOREIGN KEY (person_id) REFERENCES person(person_id);


--
-- TOC entry 2084 (class 2606 OID 33127)
-- Name: users_specialization_spec_id_fkey; Type: FK CONSTRAINT; Schema: public; Owner: postgres
--

ALTER TABLE ONLY users_specialization
    ADD CONSTRAINT users_specialization_spec_id_fkey FOREIGN KEY (spec_id) REFERENCES specialization(spec_id);


--
-- TOC entry 2083 (class 2606 OID 33122)
-- Name: users_specialization_user_id_fkey; Type: FK CONSTRAINT; Schema: public; Owner: postgres
--

ALTER TABLE ONLY users_specialization
    ADD CONSTRAINT users_specialization_user_id_fkey FOREIGN KEY (user_id) REFERENCES users(user_id);


--
-- TOC entry 2228 (class 0 OID 0)
-- Dependencies: 6
-- Name: public; Type: ACL; Schema: -; Owner: postgres
--

REVOKE ALL ON SCHEMA public FROM PUBLIC;
REVOKE ALL ON SCHEMA public FROM postgres;
GRANT ALL ON SCHEMA public TO postgres;
GRANT ALL ON SCHEMA public TO PUBLIC;


-- Completed on 2015-04-18 16:17:44

--
-- PostgreSQL database dump complete
--

